item_number,total_overstock_net,latest_inventory,reduction_percentage
08-104-599-504,25.0,1.0,2500.0
08-105-173-065,-13.0,-4.0,325.0
08-105-687-059,-10.0,-59.0,16.94915254237288
08-111-626-501,-1.0,5.0,-20.0
08-111-671-001,-8.0,8.0,-100.0
08-112-783-501,1.0,-5.0,-20.0
103251,-288.0,7776.0,-3.7037037037037033
103252LF,3456.0,3649.0,94.7108796930666
103255LF,-432.0,432.0,-100.0
103257LF,-144.0,1296.0,-11.11111111111111
103260LF,-144.0,1188.0,-12.121212121212121
103261LF,-3.0,9.0,-33.33333333333333
103350,0.0,1440.0,0.0
103400,0.0,3500.0,0.0
103401LF,-100.0,2100.0,-4.761904761904762
103402,-70.0,180.0,-38.88888888888889
103404,-20.0,0.0,-inf
103417,144.0,7056.0,2.0408163265306123
103418LF,971.0,715.0,135.8041958041958
104302,-6.0,38.0,-15.789473684210526
104303,59.0,39.0,151.28205128205127
104312,66.0,97.0,68.04123711340206
104313,-20.0,13.0,-153.84615384615387
104315,55.0,90.0,61.111111111111114
104321,-13.0,-52.0,25.0
104323,14.0,16.0,87.5
104326,14.0,-38.0,-36.84210526315789
104450LF,80.0,-144.0,-55.55555555555556
104451LF,-22.0,-69.0,31.88405797101449
104452LF,-24.0,-6.0,400.0
104453LF,-9.0,-3.0,300.0
104456LF,-38.0,-38.0,100.0
104458LF,7.0,-7.0,-100.0
104460LF,8.0,-56.0,-14.285714285714285
104465LF,8.0,-35.0,-22.857142857142858
104471LF,-39.0,9.0,-433.3333333333333
104476LF,19.0,14.0,135.71428571428572
104478LF,-2.0,20.0,-10.0
104502,51.0,-64.0,-79.6875
104600,-6.0,1.0,-600.0
104603,0.0,4.0,0.0
104609,-28.0,37.0,-75.67567567567568
104612,-3.0,15.0,-20.0
104645,-3.0,2.0,-150.0
104675,-1.0,2.0,-50.0
104706,-1.0,2.0,-50.0
104715,-2.0,4.0,-50.0
104800,3.0,4.0,75.0
106507,288.0,720.0,40.0
106514LF,990.0,778.0,127.24935732647815
107018,674.0,311.0,216.7202572347267
107019,-665.0,499.0,-133.26653306613227
107024,-73.0,334.0,-21.856287425149702
107034,1491.0,1026.0,145.3216374269006
110190LF,2340.0,2844.0,82.27848101265823
110192LF,36127.0,-6090.0,-593.2183908045977
110194LF,-196.0,296.0,-66.21621621621621
110195LF,755.0,-76.0,-993.421052631579
110197LF,-648.0,396.0,-163.63636363636365
110198LF,-420.0,785.0,-53.503184713375795
111031,921.0,561.0,164.1711229946524
111034,-2029.0,713.0,-284.57223001402525
111040,-106.0,1031.0,-10.281280310378275
111042,-287.0,637.0,-45.05494505494506
111044,121.0,484.0,25.0
111046,-156.0,174.0,-89.65517241379311
111047,129.0,660.0,19.545454545454547
111049,-101.0,196.0,-51.53061224489795
111061,596.0,1326.0,44.94720965309201
112097,204.0,462.0,44.15584415584416
112098,151.0,-2.0,-7550.0
112099,0.0,75.0,0.0
112100,-2.0,-92.0,2.1739130434782608
112118,-341.0,235.0,-145.1063829787234
112119,352.0,518.0,67.95366795366795
115104,-569.0,64.0,-889.0625
115111,364.0,-284.0,-128.16901408450704
115112,-221.0,-24.0,920.8333333333334
115113,-48.0,58.0,-82.75862068965517
115114,-2.0,-66.0,3.0303030303030303
115115,-71.0,167.0,-42.51497005988024
115116,-36.0,-232.0,15.517241379310345
115117,-11.0,241.0,-4.564315352697095
115118,-255.0,177.0,-144.0677966101695
115119,-290.0,313.0,-92.65175718849841
115120,-115.0,131.0,-87.78625954198473
115121,616.0,-17.0,-3623.529411764706
115122,30.0,157.0,19.10828025477707
115124,-98.0,8.0,-1225.0
115125,34.0,-173.0,-19.653179190751445
115126,-16.0,-213.0,7.511737089201878
115127,15.0,-15.0,-100.0
115128,-22.0,-30.0,73.33333333333333
115129,10.0,-30.0,-33.33333333333333
115170,-1.0,-76.0,1.3157894736842104
115174,2.0,30.0,6.666666666666667
115175,-12.0,-2.0,600.0
115176,32.0,38.0,84.21052631578947
115177,9.0,-186.0,-4.838709677419355
115178,86.0,148.0,58.108108108108105
115179,-18.0,-186.0,9.67741935483871
115180,-49.0,22.0,-222.72727272727272
115181,2.0,128.0,1.5625
115183,-4.0,4.0,-100.0
115185,-8.0,-40.0,20.0
115186,-30.0,-75.0,40.0
115188,7.0,3.0,233.33333333333334
115189,-32.0,-14.0,228.57142857142856
117103LF,-1084.0,3824.0,-28.34728033472803
117104LF,-125.0,1027.0,-12.171372930866601
117105LF,-4319.0,1241.0,-348.02578565672843
117106LF,472.0,298.0,158.38926174496643
117107LF,-476.0,624.0,-76.28205128205127
117401LF,1765.0,7141.0,24.716426270830418
117402LF,-1938.0,1518.0,-127.66798418972331
117403LF,-825.0,881.0,-93.64358683314416
117404LF,-3354.0,487.0,-688.7063655030801
117410LF,-693.0,6351.0,-10.911667453944261
117411LF,77.0,406.0,18.96551724137931
117412LF,-9788.0,-3119.0,313.81853158063484
117413LF,-22032.0,14927.0,-147.59831178401555
117414LF,-2442.0,-3176.0,76.88916876574308
117415LF,3295.0,18770.0,17.5546084176878
117416LF,-9864.0,2904.0,-339.6694214876033
117682LF,-4.0,0.0,-inf
132200,-34.0,216.0,-15.74074074074074
132201,-11.0,202.0,-5.445544554455446
132202,-34.0,180.0,-18.88888888888889
132204,-402.0,461.0,-87.20173535791757
132206,-411.0,543.0,-75.69060773480662
132207,-4.0,10.0,-40.0
169035,-192.0,270.0,-71.11111111111111
169038,-168.0,159.0,-105.66037735849056
169043,-5.0,28.0,-17.857142857142858
169053,-5.0,66.0,-7.575757575757576
175001,-5.0,-3.0,166.66666666666669
175004,-4.0,-12.0,33.33333333333333
175008,-1.0,0.0,-inf
175010,-1.0,4.0,-25.0
175011,26.0,11.0,236.36363636363637
175012,-1.0,1.0,-100.0
175014,12.0,-38.0,-31.57894736842105
175017,-10.0,16.0,-62.5
175019,-10.0,14.0,-71.42857142857143
175020,4.0,1.0,400.0
175022,4.0,-3.0,-133.33333333333331
175033,5.0,1.0,500.0
175053,-2.0,-2.0,100.0
175059,-1.0,3.0,-33.33333333333333
175065,-1.0,2.0,-50.0
175074,-1.0,3.0,-33.33333333333333
175078,-4.0,1.0,-400.0
175080,17.0,4.0,425.0
175822,-5.0,11.0,-45.45454545454545
175823,-2.0,4.0,-50.0
175824,6.0,10.0,60.0
175826,11.0,19.0,57.89473684210527
175830,0.0,10.0,0.0
175831,2.0,7.0,28.57142857142857
175832,0.0,3.0,0.0
175833,-3.0,6.0,-50.0
175838,-2.0,-1.0,200.0
175839,0.0,4.0,0.0
175843,2.0,5.0,40.0
175845,-2.0,-1.0,200.0
175849,-11.0,-4.0,275.0
175853,0.0,0.0,
175860,4.0,3.0,133.33333333333331
175862,-1.0,0.0,-inf
175863,-8.0,9.0,-88.88888888888889
178211,-1.0,3.0,-33.33333333333333
178473,5.0,-10.0,-50.0
178476,4.0,5.0,80.0
178483,6.0,10.0,60.0
178487,-2.0,-2.0,100.0
178490,7.0,5.0,140.0
178505,-3.0,7.0,-42.857142857142854
178515,-2.0,5.0,-40.0
178563,0.0,2.0,0.0
178582,1.0,5.0,20.0
178633,0.0,2.0,0.0
178635,-8.0,0.0,-inf
178640,-1.0,3.0,-33.33333333333333
178645,0.0,3.0,0.0
178654,-10.0,12.0,-83.33333333333334
178657,1.0,3.0,33.33333333333333
178670,-1.0,3.0,-33.33333333333333
178677,6.0,0.0,inf
178706,-1.0,0.0,-inf
178712,0.0,1.0,0.0
178733,1.0,-2.0,-50.0
178748,-1.0,5.0,-20.0
178776,-2.0,0.0,-inf
178781,-1.0,3.0,-33.33333333333333
178815,4.0,4.0,100.0
178882,0.0,-3.0,-0.0
178948,7.0,5.0,140.0
179214,-6.0,6.0,-100.0
179260,-1.0,0.0,-inf
179267,9.0,0.0,inf
179283,-2.0,7.0,-28.57142857142857
179314,0.0,2.0,0.0
179318,1.0,3.0,33.33333333333333
179343,7.0,2.0,350.0
179345,10.0,-3.0,-333.33333333333337
179354,-1.0,0.0,-inf
179357,-3.0,1.0,-300.0
179361,10.0,-12.0,-83.33333333333334
179365,-1.0,4.0,-25.0
180237,-1.0,8.0,-12.5
180254,-1.0,2.0,-50.0
180554,-2.0,3.0,-66.66666666666666
180705,1.0,0.0,inf
180719,-1.0,2.0,-50.0
180846,0.0,4.0,0.0
181839,-1.0,2.0,-50.0
181845,-1.0,0.0,-inf
181885,-3.0,-3.0,100.0
181909,-2.0,3.0,-66.66666666666666
181915,-1.0,1.0,-100.0
182194,11.0,1.0,1100.0
182209,5.0,4.0,125.0
182216,0.0,2.0,0.0
182218,0.0,2.0,0.0
182234,5.0,2.0,250.0
182551,-1.0,1.0,-100.0
182717,-1.0,5.0,-20.0
182718,-1.0,4.0,-25.0
183086,-1.0,2.0,-50.0
183299,2.0,8.0,25.0
183515,9.0,8.0,112.5
183534,-3.0,9.0,-33.33333333333333
183565,0.0,4.0,0.0
183567,-1.0,2.0,-50.0
183741,-2.0,3.0,-66.66666666666666
183765,2.0,1.0,200.0
183774,-3.0,1.0,-300.0
184001,0.0,4.0,0.0
184049,-1.0,2.0,-50.0
184069,-1.0,0.0,-inf
184085,2.0,0.0,inf
184089,3.0,2.0,150.0
184097,0.0,-1.0,-0.0
184411,-1.0,7.0,-14.285714285714285
184429,-1.0,0.0,-inf
184459,-2.0,1.0,-200.0
184722,-1.0,0.0,-inf
184738,3.0,0.0,inf
185022,237.0,1022.0,23.18982387475538
185025,-556.0,10492.0,-5.2992756385817765
185109,18.0,-29.0,-62.06896551724138
185113,-6.0,-15.0,40.0
185115,11.0,-16.0,-68.75
185117,-2.0,-1.0,200.0
185118,-5.0,-1.0,500.0
185141,1379.0,2831.0,48.71070293182621
185143,-260.0,557.0,-46.678635547576306
187202,1310.0,1639.0,79.9267846247712
188427,2.0,11.0,18.181818181818183
188431,-1.0,4.0,-25.0
188432,-8.0,7.0,-114.28571428571428
188434,0.0,5.0,0.0
188557,-1.0,-2.0,50.0
188561,-1.0,2.0,-50.0
188562,4.0,0.0,inf
188712,1.0,3.0,33.33333333333333
188715,0.0,-1.0,-0.0
1EF019LF,-3.0,6.0,-50.0
209047,-1056.0,146.0,-723.2876712328766
209085,-67.0,373.0,-17.962466487935657
210195,-1998.0,1862.0,-107.30397422126745
210590,-60.0,248.0,-24.193548387096776
210618,4513.0,16273.0,27.73305475327229
210619,-4740.0,15350.0,-30.879478827361563
216790,-6794.0,5146.0,-132.0248736883016
226220,-1467.0,434.0,-338.0184331797235
226260,-15.0,289.0,-5.190311418685121
226280,225.0,-363.0,-61.98347107438017
226700,-541.0,189.0,-286.2433862433862
226720,321.0,414.0,77.53623188405797
227000,-16.0,82.0,-19.51219512195122
227040,-20.0,106.0,-18.867924528301888
228680,239.0,-111.0,-215.31531531531533
228700,539.0,-18.0,-2994.4444444444443
230080,506.0,772.0,65.5440414507772
230120,240.0,1178.0,20.37351443123939
230440,-600.0,0.0,-inf
231820,1908.0,9660.0,19.751552795031056
231940,-573.0,-655.0,87.48091603053435
233600,-145.0,6253.0,-2.3188869342715495
235080,-159.0,-233.0,68.24034334763948
235400,-24.0,-87.0,27.586206896551722
235861,-288.0,12332.0,-2.335387609471294
235941,-360.0,359.0,-100.27855153203342
236761,-432.0,6376.0,-6.775407779171895
238020,-92.0,5.0,-1839.9999999999998
238030,45.0,45.0,100.0
238040,-2418.0,2935.0,-82.38500851788756
238460,-44.0,98.0,-44.89795918367347
238475,-19.0,25.0,-76.0
238480,-1111.0,4.0,-27775.0
241160,90.0,54.0,166.66666666666669
245005,626.0,3240.0,19.320987654320987
245122,-1640.0,6660.0,-24.624624624624623
245123,-22.0,-186.0,11.827956989247312
245142,-166.0,672.0,-24.702380952380953
245403,-264.0,300.0,-88.0
245404,-432.0,324.0,-133.33333333333331
245755,-252.0,729.0,-34.5679012345679
246271,-1394.0,1593.0,-87.50784682988073
247135,-20000.0,23725.0,-84.29926238145417
509101,-70.0,-541.0,12.939001848428836
510368,-167.0,518.0,-32.239382239382245
510762,5113.0,2183.0,234.2189647274393
510824,766.0,3880.0,19.742268041237114
512027,1330.0,415.0,320.48192771084337
512620,-4531.0,3138.0,-144.39133205863607
512740,-98.0,266.0,-36.84210526315789
513622,100.0,8.0,1250.0
517410,-4000.0,20.0,-20000.0
517412,-2950.0,0.0,-inf
517414,-3750.0,-225.0,1666.6666666666667
517415,-450.0,-225.0,200.0
517419,9900.0,-4400.0,-225.0
52-105-175-003,1376.0,1073.0,128.23858341099722
52-116-916-501,-11.0,25.0,-44.0
52-116-917-501,-3.0,55.0,-5.454545454545454
52-116-917-520,1.0,35.0,2.857142857142857
52-116-917-523,19.0,83.0,22.89156626506024
52-116-918-501,55.0,127.0,43.30708661417323
52-116-918-521,5.0,9.0,55.55555555555556
52-116-920-501,115.0,103.0,111.6504854368932
52-116-921-501,-8.0,15.0,-53.333333333333336
52-116-922-501,179.0,218.0,82.11009174311926
52-116-923-501,39.0,53.0,73.58490566037736
52-116-924-501,-79.0,66.0,-119.6969696969697
52-116-926-501,-9.0,14.0,-64.28571428571429
52-116-968-501,6.0,45.0,13.333333333333334
52-118-401-501,63.0,145.0,43.44827586206896
52-120-475-400,-4.0,26.0,-15.384615384615385
52-123-957-501,0.0,32.0,0.0
52-123-957-522,-3.0,-16.0,18.75
52-127-084-007,-1.0,15.0,-6.666666666666667
52-127-084-009,-12.0,18.0,-66.66666666666666
52-127-508-001,-25.0,29.0,-86.20689655172413
52-128-321-501,162.0,202.0,80.19801980198021
52-128-321-520,-4.0,10.0,-40.0
52-128-321-521,13.0,32.0,40.625
52-128-803-501,-1.0,-1.0,100.0
52-129-440-501,-1.0,97.0,-1.0309278350515463
52-129-440-520,-4.0,26.0,-15.384615384615385
52-129-440-521,-6.0,20.0,-30.0
52-129-475-501,-3.0,-1.0,300.0
52-219-923-309,-3.0,3.0,-100.0
52-229-646-001,20.0,-30.0,-66.66666666666666
52-235-608-001,-18.0,14.0,-128.57142857142858
52-236-149-017,-2.0,4.0,-50.0
52-239-343-001,8.0,20.0,40.0
52-239-343-003,-48.0,0.0,-inf
52-239-344-001,-18.0,16.0,-112.5
52-239-345-001,60.0,10.0,600.0
52-239-347-001,-30.0,51.0,-58.82352941176471
52-239-347-003,-2.0,0.0,-inf
52-239-349-001,-40.0,60.0,-66.66666666666666
52-239-349-003,-15.0,45.0,-33.33333333333333
52-239-351-002,-6.0,4.0,-150.0
52-239-562-001,445.0,182.0,244.50549450549454
52-239-563-001,-5.0,-16.0,31.25
52-239-566-001,-482.0,396.0,-121.71717171717171
52-239-567-001,-229.0,197.0,-116.24365482233503
52-239-570-001,431.0,575.0,74.95652173913044
52-239-571-001,-357.0,437.0,-81.6933638443936
52-239-611-001,-4.0,-1.0,400.0
52-261-022-001,-1.0,-3.0,33.33333333333333
52-261-521-001,-56.0,26.0,-215.3846153846154
52-261-582-001,-113.0,15.0,-753.3333333333334
52-261-625-002,58.0,0.0,inf
52-324-006-039,-2.0,0.0,-inf
52-324-006-041,-3.0,12.0,-25.0
52-324-006-075,-18.0,0.0,-inf
52-324-006-084,9.0,9.0,100.0
52-324-007-098,-1.0,1.0,-100.0
52-324-015-084,-6.0,-6.0,100.0
52-360-245-001,4.0,0.0,inf
52-360-905-001,-12.0,2.0,-600.0
52-361-106-001,-18.0,16.0,-112.5
52-362-335-001,-1.0,-5.0,20.0
52-362-387-001,-14.0,35.0,-40.0
52-427-064-501,-75.0,203.0,-36.94581280788177
52-427-145-501,-1.0,262.0,-0.38167938931297707
52-427-243-501,11.0,27.0,40.74074074074074
52-427-757-501,-2.0,40.0,-5.0
52-427-932-501,7.0,18.0,38.88888888888889
52-430-323-001,-31.0,35.0,-88.57142857142857
52-460-715-501,-2.0,217.0,-0.9216589861751152
52-460-745-501,30.0,46.0,65.21739130434783
52-460-754-001,-2.0,-3.0,66.66666666666666
52-460-761-501,-4.0,53.0,-7.547169811320755
52-460-769-005,-1.0,0.0,-inf
52-460-769-007,-1.0,0.0,-inf
52-460-769-011,-1.0,12.0,-8.333333333333332
52-460-769-016,-2.0,4.0,-50.0
52-460-769-017,5.0,20.0,25.0
52-460-769-020,-2.0,3.0,-66.66666666666666
52-460-769-021,0.0,4.0,0.0
52-460-769-022,-1.0,0.0,-inf
52-460-769-212,-1.0,5.0,-20.0
52-460-769-216,1.0,6.0,16.666666666666664
52-460-769-700,3.0,3.0,100.0
52-460-808-501,42.0,55.0,76.36363636363637
52-461-395-001,572.0,772.0,74.09326424870466
52-461-475-000,-6.0,3.0,-200.0
52-461-827-501,-1.0,1.0,-100.0
52-462-165-501,-146.0,-57.0,256.140350877193
52-462-487-501,175.0,317.0,55.20504731861199
52-521-933-001,-3.0,6.0,-50.0
555038,70.0,283.0,24.73498233215548
572651075,-3.0,10.0,-30.0
60A0B1001,60.0,256.0,23.4375
60A0B1002,32.0,117.0,27.350427350427353
60A0B1003,-3.0,11.0,-27.27272727272727
60A0B1004,-9.0,76.0,-11.842105263157894
60A0B1006,42.0,42.0,100.0
60A0B3001,21.0,38.0,55.26315789473685
60A0B3002,528.0,1275.0,41.411764705882355
60A0B3003,0.0,57.0,0.0
60A0B6001,79.0,719.0,10.987482614742698
60A0B6002,24.0,70.0,34.285714285714285
60AABT001,1064.0,1512.0,70.37037037037037
60B0B1000,0.0,1965.0,0.0
60B0B1001,616.0,769.0,80.10403120936282
60B0B1002,246.0,338.0,72.7810650887574
60B0B1003,15.0,74.0,20.27027027027027
60B0B1004,175.0,373.0,46.91689008042895
707940250,-30.0,90.0,-33.33333333333333
707940270,-5.0,-2.0,250.0
707940350,-6.0,102.0,-5.88235294117647
760116100,-4.0,20.0,-20.0
760116150,-1.0,23.0,-4.3478260869565215
760186000,-1.0,4.0,-25.0
760186060,-6.0,20.0,-30.0
760186090,-2.0,-27.0,7.4074074074074066
760186150,-1.0,13.0,-7.6923076923076925
760282000,-22.0,146.0,-15.068493150684931
760282010,-26.0,37.0,-70.27027027027027
760282020,-5.0,162.0,-3.0864197530864197
760311429,-1.0,5.0,-20.0
7604B0099,-3.0,16.0,-18.75
76061070A,-6.0,196.0,-3.061224489795918
76061072B,-1.0,53.0,-1.8867924528301887
76068071A,-16.0,57.0,-28.07017543859649
760913310,-1.0,85.0,-1.1764705882352942
760913420,-17.0,67.0,-25.37313432835821
760913430,-48.0,699.0,-6.866952789699571
760913450,-4.0,276.0,-1.4492753623188406
760913460,-6.0,20.0,-30.0
760913470,-30.0,92.0,-32.608695652173914
76120050A,-7.0,3.0,-233.33333333333334
761200510,-25.0,128.0,-19.53125
76120052A,-4.0,10.0,-40.0
761200530,16.0,28.0,57.14285714285714
761270100,-1.0,-19.0,5.263157894736842
761911670,-1.0,32.0,-3.125
761981530,6.0,16.0,37.5
7624A2200,-20.0,15.0,-133.33333333333331
762503350,-3.0,2.0,-150.0
762503660,3.0,4.0,75.0
762503900,6.0,0.0,inf
762503910,-2.0,7.0,-28.57142857142857
762871010,0.0,19.0,0.0
762881010,-87.0,112.0,-77.67857142857143
763380100,-60.0,21.0,-285.7142857142857
763418220,-10.0,34.0,-29.411764705882355
763478050,-6.0,22.0,-27.27272727272727
763478060,-74.0,153.0,-48.36601307189542
763478070,15.0,43.0,34.883720930232556
763810510,-4.0,116.0,-3.4482758620689653
763810520,-4.0,17.0,-23.52941176470588
763871010,-114.0,469.0,-24.307036247334754
763871020,-17.0,23.0,-73.91304347826086
763871080,0.0,0.0,
763970600,-62.0,162.0,-38.2716049382716
763970700,-1.0,19.0,-5.263157894736842
765310160,15.0,135.0,11.11111111111111
765310190,12.0,6.0,200.0
765310220,-4.0,36.0,-11.11111111111111
765310340,-3.0,3.0,-100.0
765350160,5.0,-17.0,-29.411764705882355
765350180,-3.0,0.0,-inf
765560200,36.0,39.0,92.3076923076923
765560210,-3.0,7.0,-42.857142857142854
765560230,-3.0,33.0,-9.090909090909092
765560250,26.0,30.0,86.66666666666667
765710100,-2.0,3.0,-66.66666666666666
767780020,-7.0,2.0,-350.0
768081040,14.0,204.0,6.862745098039216
768082350,-32.0,109.0,-29.357798165137616
768082390,-2.0,4.0,-50.0
768560020,-11.0,-18.0,61.111111111111114
768560030,1410.0,2.0,70500.0
768560850,-96.0,121.0,-79.33884297520662
768567470,-44.0,89.0,-49.43820224719101
769580070,-16.0,-2.0,800.0
769582630,-63.0,147.0,-42.857142857142854
769582730,-173.0,643.0,-26.905132192846033
771750142,-2.0,11.0,-18.181818181818183
772210001,3.0,12.0,25.0
772210202,48.0,-3.0,-1600.0
772221409,-40.0,120.0,-33.33333333333333
772221421,-19.0,1.0,-1900.0
772230442,14.0,18.0,77.77777777777779
772240530,-52.0,0.0,-inf
772310235,-12.0,110.0,-10.909090909090908
772310243,-4.0,17.0,-23.52941176470588
772310408,-24.0,160.0,-15.0
772610246,-6.0,14.0,-42.857142857142854
772610723,-1136.0,2026.0,-56.071076011846
772610734,-70.0,-20.0,350.0
772611207,-154.0,0.0,-inf
772611235,-1.0,199.0,-0.5025125628140703
772611245,98.0,108.0,90.74074074074075
772611246,-4.0,150.0,-2.666666666666667
772611306,-453.0,572.0,-79.1958041958042
772611406,-303.0,397.0,-76.32241813602015
772613407,58.0,46.0,126.08695652173914
772614121,-8.0,100.0,-8.0
772614123,14.0,54.0,25.925925925925924
772614325,-54.0,0.0,-inf
772615712,166.0,1728.0,9.606481481481481
772615713,-73.0,327.0,-22.32415902140673
772615714,17.0,27.0,62.96296296296296
772615715,87.0,4.0,2175.0
772615716,-4.0,4.0,-100.0
772618921,-10.0,-2.0,500.0
772630056,-603.0,362.0,-166.5745856353591
772630422,-44.0,624.0,-7.051282051282051
772631312,-10.0,30.0,-33.33333333333333
772631350,-2.0,245.0,-0.8163265306122449
772634055,1120.0,952.0,117.64705882352942
772634056,-200.0,1400.0,-14.285714285714285
772634070,-298.0,990.0,-30.1010101010101
772634104,-491.0,-1146.0,42.84467713787086
772634152,-189.0,327.0,-57.798165137614674
772634153,-189.0,865.0,-21.84971098265896
772634336,-50.0,-26.0,192.30769230769232
772640853,-3.0,-60.0,5.0
772650305,-3.0,141.0,-2.127659574468085
772650353,-35.0,175.0,-20.0
772650413,9.0,-15.0,-60.0
772650798,-12.0,28.0,-42.857142857142854
772650799,-2.0,26.0,-7.6923076923076925
772720339,-27.0,91.0,-29.67032967032967
772762040,-34.0,-19.0,178.94736842105263
772762087,203.0,197.0,103.04568527918782
772762103,-107.0,853.0,-12.543962485345839
772818941,-725.0,1213.0,-59.76916735366859
7C0252020,-102.0,145.0,-70.34482758620689
7C0252060,-3.0,0.0,-inf
7C0252070,-3.0,9.0,-33.33333333333333
7C0342220,-2.0,6.0,-33.33333333333333
7C0342490,-21.0,0.0,-inf
7C0449020,-4.0,13.0,-30.76923076923077
7C0449030,-1.0,-6.0,16.666666666666664
7C0449070,-1.0,22.0,-4.545454545454546
7C0449080,-56.0,34.0,-164.70588235294116
7C0449140,-9.0,19.0,-47.368421052631575
7C0449159,-10.0,14.0,-71.42857142857143
7C0455130,-1.0,2.0,-50.0
7C064100A,-1.0,139.0,-0.7194244604316548
7C064101A,-31.0,303.0,-10.231023102310232
7C064102B,44.0,67.0,65.67164179104478
7C064103B,-10.0,-4.0,250.0
7C065102B,-6.0,5.0,-120.0
7C0851370,-6.0,9.0,-66.66666666666666
7C0851490,-2.0,10.0,-20.0
7C105250B,-4.0,9.0,-44.44444444444444
7C1052510,89.0,232.0,38.362068965517246
7C105251B,26.0,54.0,48.148148148148145
7C1052520,-4.0,22.0,-18.181818181818183
7C1052530,-5.0,6.0,-83.33333333333334
7C105253A,0.0,54.0,0.0
7C105253B,-15.0,19.0,-78.94736842105263
7C1252110,177.0,220.0,80.45454545454545
7C1252120,-2.0,30.0,-6.666666666666667
7C1252150,-10.0,-61.0,16.39344262295082
7C1252160,-40.0,121.0,-33.057851239669425
7C1252170,-1.0,9.0,-11.11111111111111
7C1252180,-4.0,0.0,-inf
7C1252210,-6.0,47.0,-12.76595744680851
7C1252220,-18.0,26.0,-69.23076923076923
7C1252230,-8.0,24.0,-33.33333333333333
7C1252250,13.0,7.0,185.71428571428572
7C1252260,-2.0,31.0,-6.451612903225806
7C1941010,-50.0,200.0,-25.0
7C1941020,-5.0,12.0,-41.66666666666667
7C5350180,-10.0,73.0,-13.698630136986301
7C5750500,-10.0,7.0,-142.85714285714286
7C5750520,-2.0,8.0,-25.0
7C5750530,-2.0,0.0,-inf
7C8051000,-14.0,72.0,-19.444444444444446
7C8051020,5.0,116.0,4.310344827586207
7C8051030,4.0,-21.0,-19.047619047619047
7C8051050,-5.0,20.0,-25.0
7C8051140,-43.0,178.0,-24.15730337078652
903574,-21.0,142.0,-14.788732394366196
903575,276.0,77.0,358.4415584415584
903576,120.0,843.0,14.23487544483986
903577,40.0,47.0,85.1063829787234
903578,107.0,823.0,13.001215066828674
903579,-44.0,37.0,-118.91891891891892
903580,199.0,912.0,21.820175438596493
903581,280.0,368.0,76.08695652173914
903582,26.0,451.0,5.764966740576496
903583,126.0,309.0,40.77669902912621
903584,40.0,388.0,10.309278350515463
903588,-20.0,19.0,-105.26315789473684
903590,-1.0,27.0,-3.7037037037037033
903591,-26.0,0.0,-inf
A07031,-4.0,-19.0,21.052631578947366
A07033,-16.0,232.0,-6.896551724137931
A07034,6.0,24.0,25.0
A91243,-20.0,41.0,-48.78048780487805
A91252,-30.0,50.0,-60.0
A91260,-18.0,234.0,-7.6923076923076925
A91261,-11.0,133.0,-8.270676691729323
A91555,-26.0,106.0,-24.528301886792452
A91557,-6.0,14.0,-42.857142857142854
A91558,-16.0,-54.0,29.629629629629626
A91561,-6.0,44.0,-13.636363636363635
AC0274,18.0,16.0,112.5
AC0306,-28.0,-13.0,215.3846153846154
AC0394,-9.0,18.0,-50.0
AC0420,-10.0,-24.0,41.66666666666667
AC0480,-4.0,74.0,-5.405405405405405
AC0661,-8.0,23.0,-34.78260869565217
AC0685,-900.0,1223.0,-73.58953393295175
AC0720,2234.0,2945.0,75.85738539898132
AC0730,-48.0,156.0,-30.76923076923077
AC0732,-4.0,-44.0,9.090909090909092
AC0734,7.0,56.0,12.5
AC1412,13.0,1.0,1300.0
AC1444,-3.0,60.0,-5.0
AC1471,-2.0,6.0,-33.33333333333333
AC1584,0.0,0.0,
AC1586,-1.0,0.0,-inf
AC1849,-1.0,-1.0,100.0
AC1854,-2.0,8.0,-25.0
AC1859,-1.0,1.0,-100.0
AC1860,13.0,37.0,35.13513513513514
AC1861,13.0,13.0,100.0
AC1863,55.0,55.0,100.0
AC1864,22.0,21.0,104.76190476190477
AC1866,-8.0,17.0,-47.05882352941176
AC1867,-1.0,0.0,-inf
AC1868,-10.0,14.0,-71.42857142857143
AC1869,-9.0,18.0,-50.0
AC1871,12.0,-1.0,-1200.0
AC1878,-1.0,-5.0,20.0
AC2399,-7.0,0.0,-inf
AC2403,-1.0,5.0,-20.0
AC2416,-144.0,-148.0,97.2972972972973
AC2459,-5.0,19.0,-26.31578947368421
AC2465,-1.0,-4.0,25.0
AC2469,1.0,7.0,14.285714285714285
AC2522,1.0,-2.0,-50.0
AC2532,-1.0,2.0,-50.0
AC2588,3.0,5.0,60.0
AC2602,-6.0,4.0,-150.0
AC2606,-1.0,-3.0,33.33333333333333
AC5261,-2.0,2.0,-100.0
AC5721,-4.0,33.0,-12.121212121212121
AC5724,-15.0,56.0,-26.785714285714285
AC5728,-2.0,6.0,-33.33333333333333
AC6034,-9.0,-5.0,180.0
AC6113,290.0,274.0,105.83941605839415
AC6503,-2.0,-28.0,7.142857142857142
AC8347,0.0,2.0,0.0
AC8479,0.0,1.0,0.0
AC8631,4.0,-1.0,-400.0
AC8810,-10.0,20.0,-50.0
AC8812,-1.0,2.0,-50.0
AC8835,-2.0,3.0,-66.66666666666666
AM3841901,-15.0,33.0,-45.45454545454545
AP0006,-8.0,19.0,-42.10526315789473
AP0150,-6.0,1.0,-600.0
AP0151,-1.0,3.0,-33.33333333333333
AP0156,7.0,0.0,inf
AP0163,0.0,0.0,
CM1024,-1.0,2.0,-50.0
CM1054,2.0,2.0,100.0
CM1101,-1.0,3.0,-33.33333333333333
CP-737-051-002,-26.0,5.0,-520.0
D81500,-179.0,150.0,-119.33333333333334
DA0191,-2.0,10.0,-20.0
DB0113,-1.0,0.0,-inf
DE0951,-72.0,409.0,-17.6039119804401
DF0678,-505.0,72.0,-701.3888888888889
DL1475,18.0,0.0,inf
DL1715,9.0,9.0,100.0
DM0005,-678.0,1181.0,-57.40897544453853
DM0020,-3.0,77.0,-3.896103896103896
DM0022,12.0,12.0,100.0
DM0040,16.0,27.0,59.25925925925925
DM0055,8.0,74.0,10.81081081081081
DM0401,-39.0,-115.0,33.91304347826087
DM0442,-3.0,60.0,-5.0
DM0456,-4.0,49.0,-8.16326530612245
DM0458,106.0,25.0,424.0
DM0459,8.0,0.0,inf
DM0460,-20.0,70.0,-28.57142857142857
DM0461,6.0,2.0,300.0
DM0464,13.0,8.0,162.5
DM1029,-9.0,15.0,-60.0
DM1045,10.0,32.0,31.25
DM1050,-8.0,16.0,-50.0
DM1060,65.0,36.0,180.55555555555557
DM1076,-19.0,18.0,-105.55555555555556
DM1096,-1.0,22.0,-4.545454545454546
DM1119,10.0,4.0,250.0
DM1140,-10.0,20.0,-50.0
DM1153,4.0,5.0,80.0
DM2010,48.0,66.0,72.72727272727273
DM2029,-5.0,-16.0,31.25
DM2034,18.0,-5.0,-360.0
DM2045,25.0,77.0,32.467532467532465
DM2050,4.0,4.0,100.0
DM2060,56.0,81.0,69.1358024691358
DP0208,774.0,1612.0,48.01488833746898
DP0210,-9.0,176.0,-5.113636363636364
DP0692,-176.0,1119.0,-15.728328865058089
DP1603,509.0,939.0,54.20660276890309
DP1604,64.0,413.0,15.49636803874092
DP1606,127.0,354.0,35.87570621468927
DP1966,-2312.0,4502.0,-51.35495335406486
DP3598,9074.0,14243.0,63.708488380256966
DR0218,36.0,109.0,33.02752293577982
DR0232,-10.0,46.0,-21.73913043478261
DR0234,-9.0,50.0,-18.0
DR0240,-7.0,23.0,-30.434782608695656
DR0298,-2.0,15.0,-13.333333333333334
DR0308,-1.0,4.0,-25.0
DR0610,19.0,262.0,7.251908396946565
DR0614,-12.0,394.0,-3.0456852791878175
DT0420,29.0,54.0,53.70370370370371
DT0421,-5.0,20.0,-25.0
DT0766,17.0,72.0,23.61111111111111
DT0769,7.0,66.0,10.606060606060606
DT0772,105.0,399.0,26.31578947368421
DT0796,15.0,39.0,38.46153846153847
DT0797,-10.0,8.0,-125.0
EE0147,1.0,1.0,100.0
EE0153,0.0,4.0,0.0
F74000,-60.0,-808.0,7.425742574257425
F88000,-48.0,232.0,-20.689655172413794
FM0024,7.0,3.0,233.33333333333334
FP0002,-5.0,0.0,-inf
FP0004,0.0,8.0,0.0
FP0005,-3.0,8.0,-37.5
G92540,-1.0,0.0,-inf
G92846,413.0,1349.0,30.61527057079318
G92848,-204.0,1376.0,-14.825581395348838
G92849,1199.0,2499.0,47.979191676670666
G95786,-1440.0,1440.0,-100.0
G95787,-3785.0,2785.0,-135.90664272890484
G95801,-206.0,0.0,-inf
G95806,-1200.0,1500.0,-80.0
G95807,-2554.0,4646.0,-54.97201894102454
G96817,-108.0,864.0,-12.5
G96819,-676.0,2147.0,-31.48579413134606
G96838,-1326.0,-326.0,406.7484662576687
M1000227,-1920.0,-600.0,320.0
M1000232,-1521.0,-144.0,1056.25
M23250,-200.0,200.0,-100.0
M28099,18840.0,43992.0,42.825968357883255
M28101,25496.0,50304.0,50.68384223918575
M28177,-9072.0,16848.0,-53.84615384615385
M28179,18840.0,19360.0,97.31404958677686
M28206,-504.0,12264.0,-4.10958904109589
M39690,-2880.0,5760.0,-50.0
M49302,-1.0,9.0,-11.11111111111111
M75064,-26.0,35.0,-74.28571428571429
M75065,-100.0,300.0,-33.33333333333333
M99063,44.0,24.0,183.33333333333331
M99065,34.0,0.0,inf
M99073,-22.0,-4.0,550.0
M99077,-9.0,0.0,-inf
M99096,-2.0,3.0,-66.66666666666666
M99103,-30.0,0.0,-inf
M99106,28.0,0.0,inf
M99129,-2.0,7.0,-28.57142857142857
M99131,39.0,0.0,inf
P00220,-52.0,155.0,-33.5483870967742
P00352,12169.0,12333.0,98.67023433065758
P00432,-52.0,1453.0,-3.5788024776324847
P03429,-576.0,2364.0,-24.36548223350254
P03560,280.0,-720.0,-38.88888888888889
P08420,177.0,757.0,23.381770145310433
P2000010,-1050.0,0.0,-inf
P2000011,-12.0,20.0,-60.0
P2000034,56.0,-74.0,-75.67567567567568
P2000054,-112.0,0.0,-inf
P2000560,-3.0,8.0,-37.5
P2000655,-1.0,-5.0,20.0
P2000656,6.0,-1.0,-600.0
P2000658,1.0,-8.0,-12.5
P2000675,-1.0,2.0,-50.0
P2000676,19.0,23.0,82.6086956521739
P2000677,-2.0,6.0,-33.33333333333333
P2000680,3.0,11.0,27.27272727272727
P2000721,-10.0,0.0,-inf
P2000726,-4.0,-2.0,200.0
P2000822,151.0,1108.0,13.628158844765343
P2000824,-25.0,-140.0,17.857142857142858
P2000828,415.0,632.0,65.66455696202532
P2000830,-56.0,-67.0,83.5820895522388
P2000832,75.0,24.0,312.5
P2000838,701.0,757.0,92.60237780713342
P2000840,-12.0,3.0,-400.0
P2000842,243.0,678.0,35.84070796460177
P2000844,-168.0,-44.0,381.8181818181818
P2000848,875.0,1125.0,77.77777777777779
P2000850,1040.0,1054.0,98.67172675521822
P2000852,511.0,610.0,83.77049180327869
P2000856,249.0,833.0,29.891956782713088
P2000858,-40.0,0.0,-inf
P2000866,10.0,-46.0,-21.73913043478261
P2000872,139.0,306.0,45.42483660130719
P2000874,114.0,0.0,inf
P2000884,-41.0,50.0,-82.0
P2000890,14.0,41.0,34.146341463414636
P2000911,-2.0,-5.0,40.0
P2000915,-5.0,-63.0,7.936507936507936
P2000919,156.0,3.0,5200.0
P2000921,-7.0,0.0,-inf
P2001003,139.0,-101.0,-137.6237623762376
P2001005,-1.0,14.0,-7.142857142857142
P2001007,78.0,54.0,144.44444444444443
P2001013,-3.0,38.0,-7.894736842105263
P2001125,3473.0,8986.0,38.649009570442914
P2001127,1449.0,2429.0,59.654178674351584
P2001146,24.0,-62.0,-38.70967741935484
P2001147,23.0,16.0,143.75
P2001149,-20.0,20.0,-100.0
P2001152,-16.0,416.0,-3.8461538461538463
P2001155,262.0,240.0,109.16666666666666
P2001157,-12.0,103.0,-11.650485436893204
P2001173,-6.0,0.0,-inf
P2001335,4092.0,5963.0,68.62317625356364
P2001337,-599.0,1756.0,-34.111617312072894
P2001391,73.0,104.0,70.1923076923077
P2001568,-6.0,-2.0,300.0
P2001575,-479.0,400.0,-119.75
P2001576,31.0,96.0,32.29166666666667
P2001577,0.0,-15.0,-0.0
P2001601,162.0,300.0,54.0
P2001605,88.0,302.0,29.13907284768212
P2001617,266.0,277.0,96.028880866426
P2001619,-28.0,396.0,-7.07070707070707
P2001621,-124.0,395.0,-31.39240506329114
P2001623,396.0,535.0,74.01869158878505
P2001625,155.0,361.0,42.93628808864266
P2001630,9.0,154.0,5.844155844155844
P2001637,-26.0,82.0,-31.70731707317073
P2001638,-66.0,57.0,-115.78947368421053
P2001639,-5.0,-6.0,83.33333333333334
P2001640,-149.0,655.0,-22.748091603053435
P2001641,7.0,43.0,16.27906976744186
P2001741,36.0,-165.0,-21.818181818181817
P2001744,9.0,-28.0,-32.142857142857146
P2001747,-2.0,-38.0,5.263157894736842
P2002330,-6.0,12.0,-50.0
P2002338,-4.0,29.0,-13.793103448275861
P2002376,-172.0,628.0,-27.388535031847134
P2002390,245.0,-94.0,-260.6382978723404
P2002394,26.0,-121.0,-21.487603305785125
P2002398,87.0,88.0,98.86363636363636
P2002400,469.0,891.0,52.637485970819306
P2002402,-82.0,146.0,-56.16438356164384
P2002404,568.0,480.0,118.33333333333333
P2002406,471.0,796.0,59.17085427135679
P2002412,-9.0,77.0,-11.688311688311687
P2002414,-150.0,132.0,-113.63636363636364
P2002422,6.0,50.0,12.0
P2002444,-33.0,33.0,-100.0
P2002459,-38.0,12.0,-316.66666666666663
P2002463,-41.0,15.0,-273.3333333333333
P2002465,-2.0,29.0,-6.896551724137931
P2002467,-45.0,47.0,-95.74468085106383
P2002469,-32.0,2.0,-1600.0
P2002471,-2.0,1.0,-200.0
P2002480,-36.0,180.0,-20.0
P2002482,-180.0,136.0,-132.35294117647058
P2002484,6.0,-9.0,-66.66666666666666
P2002487,3.0,67.0,4.477611940298507
P2002502,-20.0,19.0,-105.26315789473684
P2002504,195.0,160.0,121.875
P2002510,-7.0,28.0,-25.0
P2002512,-12.0,-7.0,171.42857142857142
P2002519,-2.0,0.0,-inf
P2002536,258.0,708.0,36.440677966101696
P2002591,67.0,144.0,46.52777777777778
P2002637,-1.0,95.0,-1.0526315789473684
P2002653,-1.0,34.0,-2.941176470588235
P2002685,-3.0,1.0,-300.0
P2002701,-17.0,21.0,-80.95238095238095
P2002733,29.0,-57.0,-50.877192982456144
P2002864,-16.0,-36.0,44.44444444444444
P2002865,189.0,130.0,145.3846153846154
P2002866,78.0,2.0,3900.0
P2002867,-7.0,-10.0,70.0
P2002868,-69.0,23.0,-300.0
P2002869,-2.0,-86.0,2.3255813953488373
P2002870,-262.0,620.0,-42.25806451612903
P2002871,72.0,99.0,72.72727272727273
P2002874,-16.0,8.0,-200.0
P2003151,-4.0,19.0,-21.052631578947366
P2003472,6.0,42.0,14.285714285714285
P2003474,-3.0,2.0,-150.0
P2003475,1.0,25.0,4.0
P2003476,5.0,-7.0,-71.42857142857143
P2003516,2.0,11.0,18.181818181818183
P2004411,-217.0,391.0,-55.49872122762148
P2004413,-96.0,247.0,-38.8663967611336
P2004415,-67.0,-88.0,76.13636363636364
P2004417,44.0,229.0,19.213973799126638
P2004419,7.0,148.0,4.72972972972973
P2004421,172.0,166.0,103.6144578313253
P2004423,118.0,34.0,347.05882352941177
P2004425,-94.0,71.0,-132.3943661971831
P2004427,16.0,94.0,17.02127659574468
P2004429,86.0,132.0,65.15151515151516
P2004432,-3.0,6.0,-50.0
P2004434,25.0,43.0,58.139534883720934
P2004440,5.0,41.0,12.195121951219512
P2004442,-1.0,4.0,-25.0
P2004561,-120.0,84.0,-142.85714285714286
P2004563,36.0,92.0,39.130434782608695
P2004565,-117.0,69.0,-169.56521739130434
P2004570,-5.0,11.0,-45.45454545454545
P2004572,-2.0,12.0,-16.666666666666664
P2004624,1380.0,924.0,149.35064935064935
P2004632,-560.0,1675.0,-33.43283582089553
P2004705,17.0,-11.0,-154.54545454545453
P2004743,36.0,36.0,100.0
P2004757,-10.0,19.0,-52.63157894736842
P2004929,3.0,8.0,37.5
P2007024,-360.0,2424.0,-14.85148514851485
P41100,-49.0,-111.0,44.14414414414414
P41270,66.0,79.0,83.54430379746836
P41612,-3.0,-1.0,300.0
P41616,-3.0,96.0,-3.125
P41620,-111.0,101.0,-109.9009900990099
P41624,153.0,133.0,115.0375939849624
P41780,411.0,935.0,43.9572192513369
P41820,49.0,253.0,19.367588932806324
P42254,-1.0,7.0,-14.285714285714285
P42268,-9.0,27.0,-33.33333333333333
P42542,-43.0,1395.0,-3.0824372759856633
P42546,215.0,265.0,81.13207547169812
P43366,-7.0,9.0,-77.77777777777779
P43663,-15.0,81.0,-18.51851851851852
P43672,22.0,163.0,13.496932515337424
P43972,92.0,256.0,35.9375
P44073,-9.0,-14.0,64.28571428571429
P44081,123.0,309.0,39.80582524271845
P45481,-3.0,43.0,-6.976744186046512
P45720,-23.0,42.0,-54.761904761904766
P45730,146.0,542.0,26.937269372693727
P47950,9.0,-9.0,-100.0
P49940,-48.0,0.0,-inf
P5001011,-2.0,-8.0,25.0
P5001016,-245.0,795.0,-30.81761006289308
P5001017,445.0,501.0,88.82235528942117
P5001019,-487.0,1723.0,-28.264654672083577
P5001023,-549.0,1870.0,-29.358288770053477
P5001024,-201.0,-2.0,10050.0
P5001041,-33.0,49.0,-67.3469387755102
P5001051,10.0,31.0,32.25806451612903
P5001056,-46.0,147.0,-31.292517006802722
P5001061,-14.0,-2.0,700.0
P5001074,-10.0,-20.0,50.0
P5001075,73.0,-59.0,-123.72881355932203
P5001109,-6.0,7.0,-85.71428571428571
P5001112,1.0,0.0,inf
P5001115,-3.0,32.0,-9.375
P5001124,54.0,61.0,88.52459016393442
P5001125,-15.0,26.0,-57.692307692307686
P5001127,-10.0,56.0,-17.857142857142858
P5001128,-10.0,22.0,-45.45454545454545
P5001131,13.0,10.0,130.0
P5001140,-30.0,34.0,-88.23529411764706
P5001141,-6.0,48.0,-12.5
P5001143,-20.0,73.0,-27.397260273972602
P5001144,-36.0,74.0,-48.64864864864865
P5001178,148.0,-1.0,-14800.0
P5001185,-40.0,58.0,-68.96551724137932
P5001186,15.0,30.0,50.0
P5001188,-17.0,51.0,-33.33333333333333
P5001189,17.0,5.0,340.0
P5001193,-2.0,29.0,-6.896551724137931
P5001200,35.0,33.0,106.06060606060606
P5001201,-4.0,16.0,-25.0
P5001203,-36.0,47.0,-76.59574468085107
P5001221,-9.0,23.0,-39.130434782608695
P5001240,-3.0,204.0,-1.4705882352941175
P5001241,-160.0,243.0,-65.84362139917695
P5001245,-264.0,125.0,-211.20000000000002
P5001247,-153.0,78.0,-196.15384615384613
P5001266,-59.0,156.0,-37.82051282051282
P5001270,32.0,-21.0,-152.38095238095238
P5001272,214.0,303.0,70.62706270627062
P5001291,19.0,97.0,19.587628865979383
P5001295,-36.0,32.0,-112.5
P5001299,-10.0,29.0,-34.48275862068966
P5001303,7.0,9.0,77.77777777777779
P5001313,-5.0,46.0,-10.869565217391305
P5001319,1.0,46.0,2.1739130434782608
P5001337,-4.0,-4.0,100.0
P5001367,-4.0,-2.0,200.0
P5001407,5.0,1.0,500.0
P5001431,-5.0,-15.0,33.33333333333333
P5001434,-6.0,0.0,-inf
P5001443,12.0,-4.0,-300.0
P5001445,-2.0,3.0,-66.66666666666666
P5001476,-22.0,21.0,-104.76190476190477
P5001479,13.0,19.0,68.42105263157895
P5001482,-1.0,32.0,-3.125
P5001493,-9.0,-1.0,900.0
P5001509,-2.0,-7.0,28.57142857142857
P5001527,-5.0,31.0,-16.129032258064516
P5001528,-4.0,2.0,-200.0
P5001530,-10.0,5.0,-200.0
P5001539,-20.0,12.0,-166.66666666666669
P5001545,-1.0,-8.0,12.5
P5001635,-2.0,-5.0,40.0
P5001647,-17.0,22.0,-77.27272727272727
P5001688,-20.0,20.0,-100.0
P5001697,-1.0,1.0,-100.0
P5001700,-3.0,11.0,-27.27272727272727
P5001723,-4.0,4.0,-100.0
P5001726,-13.0,17.0,-76.47058823529412
P5001732,-12.0,25.0,-48.0
P5001748,4.0,-11.0,-36.36363636363637
P5001751,-23.0,7.0,-328.57142857142856
P5001755,7.0,-7.0,-100.0
P5001764,-23.0,6.0,-383.33333333333337
P5001767,-1.0,0.0,-inf
P5001770,7.0,3.0,233.33333333333334
P5001777,-28.0,-2.0,1400.0
P5001781,-5.0,-13.0,38.46153846153847
P5001790,-31.0,22.0,-140.9090909090909
P5001794,-15.0,15.0,-100.0
P5001795,0.0,30.0,0.0
P5001796,6.0,39.0,15.384615384615385
P5001797,25.0,45.0,55.55555555555556
P5001799,-10.0,20.0,-50.0
P5001807,-40.0,20.0,-200.0
P5001808,-10.0,26.0,-38.46153846153847
P5001809,-11.0,45.0,-24.444444444444443
P5001810,-10.0,28.0,-35.714285714285715
P5001813,0.0,40.0,0.0
P5001814,-21.0,40.0,-52.5
P5001817,8.0,48.0,16.666666666666664
P5001818,10.0,30.0,33.33333333333333
P5001819,14.0,32.0,43.75
P5001823,0.0,32.0,0.0
P5001831,3.0,41.0,7.317073170731707
P5001833,-19.0,70.0,-27.142857142857142
P5001840,40.0,33.0,121.21212121212122
P5001854,-3.0,0.0,-inf
P5001948,-5.0,38.0,-13.157894736842104
P5001997,-1.0,-5.0,20.0
P5002083,0.0,14.0,0.0
P5002088,-2.0,1.0,-200.0
P5002172,-13.0,27.0,-48.148148148148145
P5002173,-14.0,21.0,-66.66666666666666
P5002174,2.0,22.0,9.090909090909092
P5002175,2.0,30.0,6.666666666666667
P5002176,19.0,54.0,35.18518518518518
P5002177,-10.0,15.0,-66.66666666666666
P5002178,-11.0,12.0,-91.66666666666666
P5002188,-5.0,44.0,-11.363636363636363
P5002189,-10.0,20.0,-50.0
P5002192,-1281.0,293.0,-437.20136518771335
P5002235,-3.0,11.0,-27.27272727272727
P5002427,-96.0,-5.0,1920.0
P5002475,-1.0,53.0,-1.8867924528301887
P5002511,-650.0,1300.0,-50.0
P5002513,26.0,66.0,39.39393939393939
P5002555,-9.0,10.0,-90.0
P5002558,-20.0,92.0,-21.73913043478261
P5002561,-2.0,28.0,-7.142857142857142
P5002618,4.0,4.0,100.0
P5002630,-5.0,0.0,-inf
P5002633,-1.0,2.0,-50.0
P5002636,-5.0,10.0,-50.0
P5002657,-7.0,21.0,-33.33333333333333
P5002720,19.0,-6.0,-316.66666666666663
P5002726,-11.0,8.0,-137.5
P5002809,-2.0,8.0,-25.0
P5002812,3.0,2.0,150.0
P5002858,-10.0,20.0,-50.0
P5003175,-29.0,23.0,-126.08695652173914
P5003176,-11.0,-10.0,110.00000000000001
P5003544,1.0,0.0,inf
P5003553,-26.0,80.0,-32.5
P5003554,-60.0,360.0,-16.666666666666664
P5003562,40.0,-30.0,-133.33333333333331
P5003566,56.0,804.0,6.965174129353234
P5003568,-4.0,104.0,-3.8461538461538463
P5003601,-5.0,-10.0,50.0
P5003602,-2.0,-25.0,8.0
P5003603,331.0,240.0,137.91666666666666
P5003604,-23.0,6.0,-383.33333333333337
P5003605,4.0,47.0,8.51063829787234
P5003609,-2.0,42.0,-4.761904761904762
P5003611,-66.0,75.0,-88.0
P5003613,-13.0,143.0,-9.090909090909092
P5003615,52.0,103.0,50.48543689320388
P5003617,31.0,124.0,25.0
P5003619,22.0,15.0,146.66666666666666
P5003621,-10.0,41.0,-24.390243902439025
P5003623,70.0,78.0,89.74358974358975
P5003625,22.0,90.0,24.444444444444443
P5004254,0.0,243.0,0.0
P5004256,-50.0,200.0,-25.0
P5004257,101.0,701.0,14.407988587731813
P5004258,46.0,22.0,209.0909090909091
P5004259,325.0,589.0,55.178268251273344
P5004260,-327.0,453.0,-72.18543046357617
P5004266,23.0,23.0,100.0
P5004269,4.0,-6.0,-66.66666666666666
P5004279,-3.0,0.0,-inf
P5004283,1.0,-3.0,-33.33333333333333
P5004293,4.0,-11.0,-36.36363636363637
P5004297,8.0,-9.0,-88.88888888888889
P5004300,-1.0,-12.0,8.333333333333332
P5004303,-5.0,-4.0,125.0
P5004347,68.0,-32.0,-212.5
P5004615,8.0,32.0,25.0
P5004617,-8.0,31.0,-25.806451612903224
P5004621,-5.0,23.0,-21.73913043478261
P5004625,-10.0,19.0,-52.63157894736842
P5004629,-14.0,21.0,-66.66666666666666
P5004631,-2.0,8.0,-25.0
P5004632,76.0,122.0,62.295081967213115
P5004633,-6.0,38.0,-15.789473684210526
P5004634,66.0,72.0,91.66666666666666
P5004635,46.0,-9.0,-511.1111111111111
P5004636,-23.0,13.0,-176.9230769230769
P5004637,23.0,22.0,104.54545454545455
P5004638,-1.0,31.0,-3.225806451612903
P5004639,3.0,17.0,17.647058823529413
P5004640,7.0,51.0,13.725490196078432
P5004641,-17.0,11.0,-154.54545454545453
P5004642,-16.0,28.0,-57.14285714285714
P5004643,-6.0,20.0,-30.0
P50772,-23.0,-12.0,191.66666666666669
P51540,318.0,275.0,115.63636363636363
P51561,-221.0,4179.0,-5.288346494376645
P53026,-10.0,10.0,-100.0
P53032,-31.0,31.0,-100.0
P53046,154.0,1217.0,12.65406737880033
P53500,-1.0,1.0,-100.0
P53880,40.0,-13.0,-307.69230769230774
P57081,519.0,-478.0,-108.57740585774059
P57151,90.0,-345.0,-26.08695652173913
P57221,-120.0,360.0,-33.33333333333333
P57242,23.0,-6.0,-383.33333333333337
P57246,-510.0,2187.0,-23.319615912208505
P58492,5709.0,648.0,881.0185185185185
P58496,-2184.0,148.0,-1475.6756756756756
P58501,1460.0,16152.0,9.03912828132739
P58502,-335.0,1680.0,-19.940476190476193
P58507,-401.0,29.0,-1382.7586206896551
P58508,-138.0,0.0,-inf
P58511,-263.0,18.0,-1461.111111111111
P58565,40.0,11.0,363.6363636363636
P58576,16.0,443.0,3.611738148984198
P58631,-1.0,-9.0,11.11111111111111
P58647,-3.0,3.0,-100.0
P58729,1.0,12.0,8.333333333333332
P6010033,-28.0,100.0,-28.000000000000004
P6010034,-63.0,-45.0,140.0
P6010035,50.0,350.0,14.285714285714285
P6010038,-7.0,293.0,-2.3890784982935154
P6010040,27.0,31.0,87.09677419354838
P6010041,21.0,49.0,42.857142857142854
P6010042,21.0,51.0,41.17647058823529
P6010049,247.0,247.0,100.0
P6010057,74.0,143.0,51.74825174825175
P6010061,66.0,126.0,52.38095238095239
P6010062,135.0,85.0,158.8235294117647
P6010081,-8.0,31.0,-25.806451612903224
P6010083,-1.0,-6.0,16.666666666666664
P6010087,-39.0,153.0,-25.49019607843137
P6010088,-36.0,152.0,-23.684210526315788
P6010097,-3.0,43.0,-6.976744186046512
P6010098,-27.0,46.0,-58.69565217391305
P6010099,78.0,196.0,39.795918367346935
P6010101,31.0,243.0,12.757201646090536
P6010102,-20.0,34.0,-58.82352941176471
P6010103,-5.0,201.0,-2.4875621890547266
P6010105,-35.0,95.0,-36.84210526315789
P6010106,8.0,124.0,6.451612903225806
P6010108,-4.0,146.0,-2.73972602739726
P6010110,0.0,41.0,0.0
P6010122,-4.0,8.0,-50.0
P6010130,-5.0,160.0,-3.125
P6010131,53.0,241.0,21.991701244813278
P6010141,-6.0,10.0,-60.0
P6010142,168.0,132.0,127.27272727272727
P6010144,-18.0,298.0,-6.0402684563758395
P6010146,-8.0,-70.0,11.428571428571429
P6010148,9.0,198.0,4.545454545454546
P6010149,-4.0,51.0,-7.8431372549019605
P6010152,19.0,99.0,19.19191919191919
P6010165,5.0,22.0,22.727272727272727
P6010166,-40.0,18.0,-222.22222222222223
P6010168,-28.0,32.0,-87.5
P6010170,-36.0,18.0,-200.0
P6010173,-2.0,22.0,-9.090909090909092
P6010193,79.0,67.0,117.91044776119404
P6010199,-2.0,11.0,-18.181818181818183
P6010204,-2.0,-44.0,4.545454545454546
P6010207,8.0,56.0,14.285714285714285
P6010211,7.0,20.0,35.0
P6010221,-3.0,-7.0,42.857142857142854
P6010238,106.0,90.0,117.77777777777779
P6010241,-22.0,45.0,-48.888888888888886
P6010251,-45.0,51.0,-88.23529411764706
P6010253,473.0,101.0,468.3168316831683
P6010261,-15.0,-3.0,500.0
P6010262,-2.0,7.0,-28.57142857142857
P6010263,-24.0,-12.0,200.0
P6010264,-8.0,23.0,-34.78260869565217
P6010267,-175.0,162.0,-108.02469135802468
P6010268,385.0,834.0,46.16306954436451
P6010269,-11.0,251.0,-4.382470119521913
P6010270,-8.0,16.0,-50.0
P6010319,13.0,84.0,15.476190476190476
P6010322,-40.0,59.0,-67.79661016949152
P6010333,-4.0,13.0,-30.76923076923077
P6010336,-12.0,14.0,-85.71428571428571
P6010340,-5.0,10.0,-50.0
P6010343,32.0,42.0,76.19047619047619
P6010347,-20.0,22.0,-90.9090909090909
P6010350,16.0,44.0,36.36363636363637
P6010354,-4.0,11.0,-36.36363636363637
P6010361,-10.0,138.0,-7.246376811594203
P6010362,-115.0,190.0,-60.526315789473685
P6010363,-38.0,109.0,-34.862385321100916
P6010364,-10.0,13.0,-76.92307692307693
P6010365,629.0,310.0,202.9032258064516
P6010367,59.0,649.0,9.090909090909092
P6010369,-24.0,361.0,-6.64819944598338
P6010370,91.0,163.0,55.828220858895705
P6010372,-12.0,38.0,-31.57894736842105
P6010373,-20.0,96.0,-20.833333333333336
P6010375,-42.0,116.0,-36.206896551724135
P6010376,-23.0,18.0,-127.77777777777777
P6010377,-8.0,10.0,-80.0
P6010416,-16.0,-8.0,200.0
P6010443,0.0,-29.0,-0.0
P6010444,14.0,0.0,inf
P6010448,3.0,-7.0,-42.857142857142854
P6010467,-11.0,7.0,-157.14285714285714
P6010499,0.0,1.0,0.0
P6010501,-4.0,20.0,-20.0
P6010512,-7.0,0.0,-inf
P6010520,-2.0,1.0,-200.0
P6010536,-7.0,2.0,-350.0
P6010542,-1.0,0.0,-inf
P6010544,-3.0,0.0,-inf
P6010554,-2.0,-9.0,22.22222222222222
P6010584,14.0,4.0,350.0
P6010590,-6.0,5.0,-120.0
P6010594,-1.0,-1.0,100.0
P6010607,-1.0,0.0,-inf
P6010617,-1.0,0.0,-inf
P6010660,-4.0,3.0,-133.33333333333331
P6010671,-1.0,-7.0,14.285714285714285
P6010675,299.0,349.0,85.67335243553008
P6010694,4.0,33.0,12.121212121212121
P6010718,-2.0,5.0,-40.0
P6010721,6.0,4.0,150.0
P6010787,-2.0,20.0,-10.0
P6010788,25.0,25.0,100.0
P6010792,-4.0,4.0,-100.0
P6010880,19.0,77.0,24.675324675324674
P6010882,33.0,87.0,37.93103448275862
P6010884,-3.0,65.0,-4.615384615384616
P6010886,30.0,126.0,23.809523809523807
P6010887,-3.0,64.0,-4.6875
P6010889,48.0,250.0,19.2
P6010891,25.0,49.0,51.02040816326531
P6010893,-24.0,312.0,-7.6923076923076925
P6010895,-8.0,-66.0,12.121212121212121
P6010897,-82.0,36.0,-227.77777777777777
P6010900,-56.0,244.0,-22.950819672131146
P6010904,94.0,120.0,78.33333333333333
P6010906,-112.0,162.0,-69.1358024691358
P6010907,-104.0,84.0,-123.80952380952381
P6010909,83.0,299.0,27.759197324414714
P6010911,-68.0,127.0,-53.54330708661418
P6010912,279.0,507.0,55.02958579881657
P6010929,-7.0,13.0,-53.84615384615385
P6010935,6.0,30.0,20.0
P6010969,124.0,257.0,48.249027237354085
P6010971,-96.0,216.0,-44.44444444444444
P6010973,189.0,434.0,43.54838709677419
P6010974,-4.0,12.0,-33.33333333333333
P6010976,-18.0,54.0,-33.33333333333333
P6010980,56.0,109.0,51.37614678899083
P6010983,121.0,-22.0,-550.0
P6010985,-75.0,119.0,-63.02521008403361
P6010988,170.0,316.0,53.79746835443038
P6010990,-108.0,-16.0,675.0
P6010992,-33.0,35.0,-94.28571428571428
P6010993,5.0,107.0,4.672897196261682
P6010996,-10.0,32.0,-31.25
P6010998,-21.0,32.0,-65.625
P6011000,-6.0,-1.0,600.0
P6011005,-33.0,73.0,-45.20547945205479
P6011006,51.0,55.0,92.72727272727272
P6011007,-11.0,8.0,-137.5
P6011008,-7.0,16.0,-43.75
P6011010,-4.0,-4.0,100.0
P6011015,-27.0,40.0,-67.5
P6011016,-2.0,22.0,-9.090909090909092
P6011019,25.0,68.0,36.76470588235294
P6011020,-9.0,18.0,-50.0
P6011023,-1.0,6.0,-16.666666666666664
P6011029,-2.0,10.0,-20.0
P6011033,7.0,56.0,12.5
P6011034,-3.0,20.0,-15.0
P6011041,-6.0,8.0,-75.0
P6011042,-1.0,6.0,-16.666666666666664
P6011045,-6.0,10.0,-60.0
P6011046,-4.0,8.0,-50.0
P6011049,-6.0,41.0,-14.634146341463413
P6011050,-2.0,10.0,-20.0
P6011053,-10.0,25.0,-40.0
P6011061,-1.0,13.0,-7.6923076923076925
P6011062,-4.0,4.0,-100.0
P6011144,8.0,14.0,57.14285714285714
P6011192,-3.0,2.0,-150.0
P6011196,-2.0,2.0,-100.0
P6011197,-1.0,2.0,-50.0
P6011198,24.0,20.0,120.0
P6011199,26.0,22.0,118.18181818181819
P6011204,-3.0,2.0,-150.0
P6011205,-3.0,2.0,-150.0
P6011206,-4.0,28.0,-14.285714285714285
P6011208,-2.0,50.0,-4.0
P6011210,-8.0,12.0,-66.66666666666666
P6011214,-14.0,34.0,-41.17647058823529
P6011219,-2.0,-2.0,100.0
P6011221,-2.0,10.0,-20.0
P6011236,-4.0,4.0,-100.0
P6011240,-4.0,0.0,-inf
P6011341,14.0,17.0,82.35294117647058
P6011342,-2.0,50.0,-4.0
P6011343,-2.0,6.0,-33.33333333333333
P6011344,-2.0,6.0,-33.33333333333333
P6011346,-10.0,90.0,-11.11111111111111
P6011348,18.0,-40.0,-45.0
P6011353,2.0,4.0,50.0
P6011412,-1.0,16.0,-6.25
P6011452,-3.0,28.0,-10.714285714285714
P6011472,-24.0,56.0,-42.857142857142854
P6011474,-4.0,4.0,-100.0
P6011478,-2.0,7.0,-28.57142857142857
P6011484,2.0,8.0,25.0
P6011540,-4.0,8.0,-50.0
P6011544,-2.0,2.0,-100.0
P6011548,-4.0,35.0,-11.428571428571429
P6011549,-3.0,7.0,-42.857142857142854
P6011552,12.0,29.0,41.37931034482759
P6011589,-5.0,21.0,-23.809523809523807
P6011612,13.0,11.0,118.18181818181819
P6011617,-8.0,12.0,-66.66666666666666
P6011623,18.0,6.0,300.0
P6011630,4.0,14.0,28.57142857142857
P6011639,-2.0,0.0,-inf
P6012464,-5.0,3.0,-166.66666666666669
P6012473,-2.0,29.0,-6.896551724137931
P6012500,-2.0,52.0,-3.8461538461538463
P6012501,-1.0,51.0,-1.9607843137254901
P6012510,52.0,108.0,48.148148148148145
P6012519,1.0,35.0,2.857142857142857
P6012546,53.0,143.0,37.06293706293706
P6012547,21.0,0.0,inf
P6012565,32.0,70.0,45.714285714285715
P6012592,-21.0,34.0,-61.76470588235294
P6012593,-53.0,142.0,-37.32394366197183
P6012602,-1.0,13.0,-7.6923076923076925
P6012611,-1.0,12.0,-8.333333333333332
P6012638,32.0,26.0,123.07692307692308
P6012639,-39.0,37.0,-105.40540540540539
P6012643,-8.0,-6.0,133.33333333333331
P6012648,-5.0,24.0,-20.833333333333336
P6012688,-10.0,36.0,-27.77777777777778
P6012689,-10.0,86.0,-11.627906976744185
P6012703,-5.0,3.0,-166.66666666666669
P6012732,-8.0,8.0,-100.0
P6012736,-21.0,15.0,-140.0
P6012737,-3.0,17.0,-17.647058823529413
P6012740,-3.0,11.0,-27.27272727272727
P6012741,0.0,11.0,0.0
P6012744,-12.0,34.0,-35.294117647058826
P6012749,-6.0,18.0,-33.33333333333333
P6012878,6.0,0.0,inf
P6012997,-3.0,13.0,-23.076923076923077
P6013015,-2.0,34.0,-5.88235294117647
P6013024,-6.0,6.0,-100.0
P6013033,13.0,34.0,38.23529411764706
P6013042,14.0,54.0,25.925925925925924
P6013051,14.0,75.0,18.666666666666668
P6013078,4.0,34.0,11.76470588235294
P6013087,-23.0,30.0,-76.66666666666667
P6013096,9.0,14.0,64.28571428571429
P6013105,-12.0,16.0,-75.0
P6013123,-2.0,11.0,-18.181818181818183
P6013132,-6.0,-8.0,75.0
P6013133,45.0,3.0,1500.0
P6013134,36.0,49.0,73.46938775510205
P6013135,-11.0,-5.0,220.00000000000003
P6013136,-35.0,78.0,-44.871794871794876
P6013137,15.0,63.0,23.809523809523807
P6013138,-5.0,89.0,-5.617977528089887
P6013139,1.0,86.0,1.1627906976744187
P6013142,15.0,80.0,18.75
P6013143,-2.0,-12.0,16.666666666666664
P6013145,-10.0,-7.0,142.85714285714286
P6013147,-16.0,3.0,-533.3333333333333
P6013148,-14.0,10.0,-140.0
P6013388,5.0,12.0,41.66666666666667
P6013424,-14.0,26.0,-53.84615384615385
P6013444,-4.0,10.0,-40.0
P6013448,6.0,3.0,200.0
P6013452,2.0,32.0,6.25
P6013453,8.0,11.0,72.72727272727273
P6013456,-25.0,28.0,-89.28571428571429
P6013457,-9.0,5.0,-180.0
P6013462,-32.0,57.0,-56.14035087719298
P6013463,-2.0,4.0,-50.0
P6013466,-4.0,19.0,-21.052631578947366
P6013469,-5.0,14.0,-35.714285714285715
P6013476,6.0,17.0,35.294117647058826
P6013480,-2.0,4.0,-50.0
P6013488,-1.0,-3.0,33.33333333333333
P6013507,10.0,29.0,34.48275862068966
P6013658,-38.0,-24.0,158.33333333333331
P6014717,202.0,-11.0,-1836.3636363636363
P6014851,-12.0,9.0,-133.33333333333331
P6014857,20.0,42.0,47.61904761904761
P6014875,-6.0,30.0,-20.0
P6014876,-2.0,13.0,-15.384615384615385
P6014899,-6.0,18.0,-33.33333333333333
P6014902,21.0,-20.0,-105.0
P6014905,0.0,143.0,0.0
P6014908,-24.0,23.0,-104.34782608695652
P6014909,-10.0,20.0,-50.0
P6014912,10.0,28.0,35.714285714285715
P6014914,-10.0,50.0,-20.0
P6014917,-2.0,31.0,-6.451612903225806
P6014923,-38.0,118.0,-32.20338983050847
P6014926,48.0,103.0,46.601941747572816
P6014929,56.0,121.0,46.28099173553719
P6014939,-49.0,36.0,-136.11111111111111
P6014944,-2.0,4.0,-50.0
P6014946,-15.0,87.0,-17.24137931034483
P6014949,24.0,112.0,21.428571428571427
P6014950,-10.0,28.0,-35.714285714285715
P6014952,26.0,109.0,23.853211009174313
P6014955,-30.0,64.0,-46.875
P6014958,-10.0,11.0,-90.9090909090909
P6014959,-10.0,15.0,-66.66666666666666
P6014961,-2.0,14.0,-14.285714285714285
P6014964,-2.0,19.0,-10.526315789473683
P6014973,35.0,79.0,44.303797468354425
P6014977,-18.0,80.0,-22.5
P6014981,-9.0,20.0,-45.0
P6014985,-1.0,23.0,-4.3478260869565215
P6015007,0.0,-2.0,-0.0
P6015057,-1.0,0.0,-inf
P6015059,15.0,-2.0,-750.0
P6015067,-3.0,-2.0,150.0
P6015083,-2.0,2.0,-100.0
P6015252,-1.0,2.0,-50.0
P6015255,-48.0,104.0,-46.15384615384615
P6015256,-12.0,69.0,-17.391304347826086
P6015257,-43.0,41.0,-104.8780487804878
P6015258,-21.0,61.0,-34.42622950819672
P6015259,77.0,129.0,59.68992248062015
P6015260,15.0,100.0,15.0
P6015261,126.0,150.0,84.0
P6015262,-16.0,115.0,-13.91304347826087
P6015263,97.0,129.0,75.1937984496124
P6015264,108.0,150.0,72.0
P6015265,106.0,148.0,71.62162162162163
P6015266,-17.0,101.0,-16.831683168316832
P6015267,-6.0,100.0,-6.0
P6015268,35.0,154.0,22.727272727272727
P6015269,-24.0,119.0,-20.168067226890756
P6015270,-3.0,32.0,-9.375
P6015271,-8.0,72.0,-11.11111111111111
P6015280,-3.0,29.0,-10.344827586206897
P6015281,-1.0,16.0,-6.25
P6015282,-1.0,16.0,-6.25
P6015283,-1.0,16.0,-6.25
P6015284,-1.0,16.0,-6.25
P6015286,-1.0,16.0,-6.25
P6015306,6.0,20.0,30.0
P6015308,-16.0,57.0,-28.07017543859649
P6015324,-2.0,11.0,-18.181818181818183
P6015345,4.0,48.0,8.333333333333332
P6015349,-4.0,76.0,-5.263157894736842
P6015350,46.0,46.0,100.0
P6015355,-6.0,52.0,-11.538461538461538
P6015357,-2.0,31.0,-6.451612903225806
P6015375,-110.0,340.0,-32.35294117647059
P6015383,-28.0,-10.0,280.0
P6015385,47.0,61.0,77.04918032786885
P6015387,36.0,147.0,24.489795918367346
P6015390,-3.0,0.0,-inf
P6015391,28.0,78.0,35.8974358974359
P6015394,30.0,-50.0,-60.0
P6015414,6.0,51.0,11.76470588235294
P6015416,0.0,140.0,0.0
P6015418,42.0,192.0,21.875
P6015420,-104.0,24.0,-433.3333333333333
P6015549,13.0,-4.0,-325.0
P6015550,-22.0,64.0,-34.375
P6015551,-13.0,0.0,-inf
P6015552,-2.0,28.0,-7.142857142857142
P6015553,216.0,178.0,121.34831460674158
P6015554,15.0,-20.0,-75.0
P6015607,-34.0,116.0,-29.310344827586203
P6015650,1.0,20.0,5.0
P6015723,2.0,25.0,8.0
P6015747,1.0,51.0,1.9607843137254901
P6015749,14.0,34.0,41.17647058823529
P6015767,-58.0,0.0,-inf
P6015862,-2.0,48.0,-4.166666666666666
P6015864,-2.0,48.0,-4.166666666666666
P6015899,-6.0,19.0,-31.57894736842105
P6015923,-1.0,14.0,-7.142857142857142
P6015955,-2.0,95.0,-2.1052631578947367
P6015961,-4.0,25.0,-16.0
P6015964,-4.0,37.0,-10.81081081081081
P6016201,-24.0,72.0,-33.33333333333333
P6016216,-2.0,19.0,-10.526315789473683
P6016234,-6.0,19.0,-31.57894736842105
P6016282,-1.0,14.0,-7.142857142857142
P6017948,74.0,1.0,7400.0
P6019505,-8.0,8.0,-100.0
P6019596,-462.0,-219.0,210.95890410958904
P6019600,-2.0,12.0,-16.666666666666664
P6019636,5.0,72.0,6.944444444444445
P6019640,-4.0,37.0,-10.81081081081081
P6019664,12.0,19.0,63.1578947368421
P6019672,-20.0,97.0,-20.618556701030926
P6019703,-1.0,0.0,-inf
P61449,-1800.0,5313.0,-33.87916431394692
P63231,-71.0,100.0,-71.0
P63233,460.0,250.0,184.0
P63235,145.0,520.0,27.884615384615387
P63238,54.0,51.0,105.88235294117648
P63239,6.0,61.0,9.836065573770492
P63242,37.0,120.0,30.833333333333336
P63244,98.0,150.0,65.33333333333333
P63245,9.0,70.0,12.857142857142856
P63247,-40.0,160.0,-25.0
P64150,3200.0,23100.0,13.852813852813853
P7000109,-53.0,13.0,-407.6923076923077
P70873,0.0,13440.0,0.0
P70875,-5880.0,8400.0,-70.0
P70877,3356.0,21876.0,15.341012982263669
P70919,-3.0,0.0,-inf
P70920,-3.0,78.0,-3.8461538461538463
P70939,9.0,-34.0,-26.47058823529412
P70960,-4620.0,9240.0,-50.0
P70962,-420.0,23940.0,-1.7543859649122806
P70965,8484.0,13949.0,60.82156426984013
P70995,-213.0,1.0,-21300.0
P70997,105.0,47.0,223.40425531914892
P75148,-489.0,1111.0,-44.01440144014401
P75149,-205.0,795.0,-25.78616352201258
P75214,-219.0,35.0,-625.7142857142857
P75383,-1.0,-10.0,10.0
P75612,-714.0,1604.0,-44.51371571072319
P75683,-1.0,0.0,-inf
P77101,120.0,78.0,153.84615384615387
P77106,-224.0,2512.0,-8.9171974522293
P77109,20000.0,33680.0,59.38242280285036
P77115,15558.0,46838.0,33.21661898458517
P77119,26827.0,41035.0,65.37589862312659
P77139,-510.0,24474.0,-2.083844079431233
P77171,349.0,205.0,170.2439024390244
P77177,2763.0,10451.0,26.437661467802126
P77179,9471.0,14260.0,66.41654978962131
P77214,6091.0,9339.0,65.22111575115107
P77265,55.0,256.0,21.484375
P77277,0.0,500.0,0.0
P77278,-120.0,0.0,-inf
P77497,-4.0,28.0,-14.285714285714285
P77501,-2.0,37.0,-5.405405405405405
P78533,-5.0,-9.0,55.55555555555556
P78724,-2336.0,12264.0,-19.047619047619047
P78725,4142.0,6477.0,63.94935927126756
P78729,-2.0,19.0,-10.526315789473683
P78738,1127.0,1728.0,65.2199074074074
P78792,-2.0,24.0,-8.333333333333332
P78802,-2.0,67.0,-2.9850746268656714
P78922,-3260.0,10298.0,-31.656632355797242
P78927,1889.0,-3188.0,-59.2534504391468
P78985,-2.0,-25.0,8.0
P79011,110.0,-6.0,-1833.3333333333333
P79018,-71.0,74.0,-95.94594594594594
P79025,-179.0,781.0,-22.91933418693982
P79026,-179.0,-69.0,259.42028985507244
P81289,-2044.0,1024.0,-199.609375
P81290,3760.0,5840.0,64.38356164383562
P81295,-288.0,504.0,-57.14285714285714
P81314,0.0,288.0,0.0
P81334,-870.0,612.0,-142.15686274509804
P81354,41.0,144.0,28.47222222222222
P81357,-192.0,144.0,-133.33333333333331
P81485,1528.0,1928.0,79.25311203319502
P81486,367.0,1158.0,31.692573402417963
P81487,-331.0,629.0,-52.62321144674086
P81488,-263.0,851.0,-30.904817861339602
P81496,142.0,231.0,61.471861471861466
P81497,64.0,388.0,16.49484536082474
P81498,-5.0,52.0,-9.615384615384617
P81771,2500.0,10000.0,25.0
P81933,11.0,50.0,22.0
P81950,512.0,1024.0,50.0
P81952,-935.0,473.0,-197.67441860465115
P82329,86.0,296.0,29.054054054054053
P82331,-32.0,192.0,-16.666666666666664
P82333,38.0,24.0,158.33333333333331
P82364,7.0,18.0,38.88888888888889
P82646,2.0,20.0,10.0
P82888,67.0,537.0,12.476722532588454
P82946,-1.0,6.0,-16.666666666666664
P85018,9.0,-15.0,-60.0
P85075,640.0,640.0,100.0
P85166,96.0,192.0,50.0
P85237,244.0,628.0,38.853503184713375
P85238,245.0,485.0,50.51546391752577
P85239,258.0,723.0,35.684647302904565
P85240,-55.0,27.0,-203.70370370370372
P85242,-178.0,182.0,-97.8021978021978
P85243,1035.0,1329.0,77.87810383747178
P85245,216.0,208.0,103.84615384615385
P85246,614.0,578.0,106.22837370242215
P85248,342.0,638.0,53.60501567398119
P85249,-66.0,39.0,-169.23076923076923
P85250,146.0,328.0,44.51219512195122
P85254,175.0,217.0,80.64516129032258
P85255,-92.0,86.0,-106.9767441860465
P85258,-28.0,36.0,-77.77777777777779
P85265,-1.0,0.0,-inf
P85266,-110.0,78.0,-141.02564102564102
P85267,60.0,34.0,176.47058823529412
P85268,55.0,135.0,40.74074074074074
P85285,1020.0,1176.0,86.73469387755102
P85286,2990.0,2932.0,101.97817189631651
P85287,3008.0,2972.0,101.2113055181696
P85288,1041.0,837.0,124.37275985663084
P85289,638.0,1136.0,56.16197183098591
P85290,1281.0,1403.0,91.30434782608695
P85291,666.0,882.0,75.51020408163265
P85298,654.0,678.0,96.46017699115043
P85299,-37.0,37.0,-100.0
P85304,116.0,405.0,28.641975308641975
P85311,-3.0,62.0,-4.838709677419355
P85693,-1.0,54.0,-1.8518518518518516
P86236,5.0,-12.0,-41.66666666666667
P90351,20.0,10.0,200.0
P90523,984.0,5640.0,17.4468085106383
P90524,1386.0,1764.0,78.57142857142857
P90527,-467.0,-179.0,260.89385474860336
P90528,960.0,1815.0,52.892561983471076
P90532,115.0,258.0,44.57364341085272
P90573,-1.0,2.0,-50.0
R02940,-53.0,-48.0,110.41666666666667
R18270,-7.0,-232.0,3.0172413793103448
R18410,-44.0,-23.0,191.30434782608697
SM0002,4.0,4.0,100.0
SM0005,-1.0,-5.0,20.0
SM0009,-1.0,1.0,-100.0
SM0011,3.0,0.0,inf
SM0031,-2.0,0.0,-inf
SM0151,-8.0,22.0,-36.36363636363637
SM0152,-2.0,2.0,-100.0
SM0154,-2.0,-4.0,50.0
SM0158,-3.0,1.0,-300.0
SM0181,-1.0,0.0,-inf
SM0184,-1.0,2.0,-50.0
SM0268,-2.0,4.0,-50.0
SM0710,6.0,-35.0,-17.142857142857142
SM0715,-1.0,1.0,-100.0
SM0728,-1.0,-5.0,20.0
SM0729,2.0,-17.0,-11.76470588235294
SM0731,-2.0,-3.0,66.66666666666666
SM0733,-2.0,3.0,-66.66666666666666
SM0734,-2.0,1.0,-200.0
SM0739,14.0,7.0,200.0
SM0740,10.0,1.0,1000.0
SM0741,11.0,-11.0,-100.0
SM0744,10.0,-18.0,-55.55555555555556
SM0748,3.0,-1.0,-300.0
SM0749,0.0,2.0,0.0
SM0751,-1.0,2.0,-50.0
SM0752,6.0,2.0,300.0
SM0753,7.0,2.0,350.0
SM0754,4.0,-15.0,-26.666666666666668
SM0755,8.0,-6.0,-133.33333333333331
SM0756,19.0,-11.0,-172.72727272727272
SM0759,8.0,-7.0,-114.28571428571428
SM0762,1.0,4.0,25.0
SM1248,3.0,3.0,100.0
SM1816,-3.0,4.0,-75.0
SM2062,-25.0,12.0,-208.33333333333334
SM2081,-35.0,45.0,-77.77777777777779
SM2083,-14.0,72.0,-19.444444444444446
SM2093,88.0,160.0,55.00000000000001
SM2097,-72.0,148.0,-48.64864864864865
SM2105,-21.0,52.0,-40.38461538461539
SM2106,-60.0,168.0,-35.714285714285715
SM2107,57.0,-24.0,-237.5
SM2108,-19.0,78.0,-24.358974358974358
SM2110,-26.0,1.0,-2600.0
SM2111,-1.0,8.0,-12.5
SM2112,-4.0,42.0,-9.523809523809524
SM2114,1.0,5.0,20.0
SM2119,-2.0,5.0,-40.0
SM2120,-3.0,2.0,-150.0
SM2202,8.0,-6.0,-133.33333333333331
SM2205,0.0,-6.0,-0.0
SM2211,5.0,-14.0,-35.714285714285715
SM2212,-2.0,4.0,-50.0
SM2219,3.0,-11.0,-27.27272727272727
SM2220,-1.0,3.0,-33.33333333333333
SM2225,1.0,-2.0,-50.0
SM2226,-1.0,3.0,-33.33333333333333
SM2232,5.0,0.0,inf
SM2238,10.0,-1.0,-1000.0
SM2240,0.0,3.0,0.0
SM2244,3.0,-15.0,-20.0
SM2246,-1.0,2.0,-50.0
SM2247,1.0,-23.0,-4.3478260869565215
SM2248,5.0,0.0,inf
SM2250,23.0,-29.0,-79.3103448275862
SM2259,3.0,-6.0,-50.0
SM2261,-3.0,4.0,-75.0
SM2262,11.0,-23.0,-47.82608695652174
SM2265,9.0,-4.0,-225.0
SM2267,-2.0,-14.0,14.285714285714285
SM2269,14.0,-9.0,-155.55555555555557
SM2273,0.0,3.0,0.0
SM2276,-1.0,-5.0,20.0
SM2309,-17.0,42.0,-40.476190476190474
SM2717,10.0,35.0,28.57142857142857
V01321,-5800.0,7000.0,-82.85714285714286
V1000014,-24.0,224.0,-10.714285714285714
V1000030,-24.0,24.0,-100.0
V1000288,1148.0,737.0,155.76662143826323
V1000290,1831.0,2348.0,77.98126064735945
V1000292,5558.0,8153.0,68.17122531583466
V1000294,1665.0,3847.0,43.28047829477515
V1000296,3544.0,3981.0,89.02285857824667
V1000298,283.0,2078.0,13.618864292589027
V1000914,-28.0,52.0,-53.84615384615385
V1000921,43.0,57.0,75.43859649122807
V1000929,-3.0,11.0,-27.27272727272727
V1000938,-29.0,41.0,-70.73170731707317
V1000941,-100.0,40.0,-250.0
V1000945,-25.0,-3.0,833.3333333333334
V1000947,-1.0,3.0,-33.33333333333333
V1000956,-12.0,10.0,-120.0
V1000974,5.0,10.0,50.0
V1000977,-25.0,-33.0,75.75757575757575
V1000981,-60.0,36.0,-166.66666666666669
V1000983,-3.0,74.0,-4.054054054054054
V1000986,-51.0,46.0,-110.86956521739131
V1000990,-30.0,47.0,-63.829787234042556
V1000992,10.0,10.0,100.0
V1000995,6.0,-16.0,-37.5
V1001001,-17.0,-9.0,188.88888888888889
V1001002,6.0,2.0,300.0
V1001005,8.0,-22.0,-36.36363636363637
V1001010,-15.0,20.0,-75.0
V1001019,-27.0,9.0,-300.0
V1001049,0.0,0.0,
V1001053,-33.0,44.0,-75.0
V1001055,-7.0,-7.0,100.0
V1001064,-27.0,24.0,-112.5
V1001067,0.0,-7.0,-0.0
V1001071,-28.0,14.0,-200.0
V1001085,-8.0,12.0,-66.66666666666666
V1001089,-1.0,1.0,-100.0
V1001098,-15.0,11.0,-136.36363636363635
V1001183,5.0,-2.0,-250.0
V1001188,-4.0,-7.0,57.14285714285714
V1001198,5.0,-19.0,-26.31578947368421
V1001203,-2.0,-21.0,9.523809523809524
V1001222,0.0,-1.0,-0.0
V1002166,-8.0,-4.0,200.0
V1003634,-100.0,200.0,-50.0
V50813,-12.0,-154.0,7.792207792207792
V50816,-6.0,-18.0,33.33333333333333
V50833,69.0,-585.0,-11.794871794871794
V50835,105.0,-344.0,-30.523255813953487
V50836,180.0,-144.0,-125.0
V50839,10.0,-12.0,-83.33333333333334
V50924,118.0,5536.0,2.1315028901734103
V50925,317.0,-356.0,-89.04494382022472
V50926,252.0,-84.0,-300.0
V50927,-345.0,-198.0,174.24242424242425
V50928,202.0,142.0,142.25352112676057
V50939,89.0,-100.0,-89.0
V51673,150.0,4400.0,3.4090909090909087
V51757,-27.0,-1269.0,2.127659574468085
V51758,158.0,-189.0,-83.5978835978836
V51759,378.0,-97.0,-389.69072164948454
V51760,426.0,-211.0,-201.8957345971564
V51761,-353.0,215.0,-164.18604651162792
V51766,198.0,146.0,135.6164383561644
V51767,-235.0,360.0,-65.27777777777779
V51768,-20.0,-44.0,45.45454545454545
V51802,-6.0,20.0,-30.0
V51967,244.0,-303.0,-80.52805280528052
V51970,20.0,68.0,29.411764705882355
V51973,10.0,37.0,27.027027027027028
V51982,-2.0,7.0,-28.57142857142857
V59171,17.0,-447.0,-3.803131991051454
V59173,466.0,-337.0,-138.27893175074183
Y93570,-1.0,2.0,-50.0
